Number of elements, Time taken (seconds)
100, 0.000015
150, 0.000020
200, 0.000030
250, 0.000035
300, 0.000048
350, 0.000054
400, 0.000057
450, 0.000064
500, 0.000073
550, 0.000124
600, 0.000102
650, 0.000152
700, 0.000114
750, 0.000126
800, 0.000160
850, 0.000167
900, 0.000151
950, 0.000262
1000, 0.000190
