Number of elements, Time taken (seconds)
100000, 14.198170
150000, 31.802303
200000, 57.268442
250000, 88.296113
300000, 127.319113
350000, 173.332993
400000, 226.396872
450000, 287.280252
500000, 354.262635
550000, 429.088854
600000, 510.733946
650000, 600.304092
700000, 696.035621
750000, 800.060961
800000, 910.887846
850000, 1029.703743
900000, 1156.322776
950000, 1288.204000
1000000, 1432.279082
