Number of elements, Time taken (seconds)
100, 0.000011
150, 0.000018
200, 0.000020
250, 0.000027
300, 0.000032
350, 0.000037
400, 0.000047
450, 0.000086
500, 0.000082
550, 0.000091
600, 0.000085
650, 0.000117
700, 0.000078
750, 0.000153
800, 0.000124
850, 0.000173
900, 0.000118
950, 0.000174
1000, 0.000153
