Number of elements, Time taken (seconds)
100000, 0.018732
150000, 0.029208
200000, 0.039874
250000, 0.049168
300000, 0.060234
350000, 0.070771
400000, 0.082005
450000, 0.093304
500000, 0.104682
550000, 0.114923
600000, 0.126117
650000, 0.137961
700000, 0.149746
750000, 0.160394
800000, 0.173688
850000, 0.183365
900000, 0.193435
950000, 0.205456
1000000, 0.217539
