Number of elements, Time taken (seconds)
100, 0.000014
150, 0.000018
200, 0.000033
250, 0.000029
300, 0.000043
350, 0.000051
400, 0.000050
450, 0.000077
500, 0.000096
550, 0.000115
600, 0.000123
650, 0.000131
700, 0.000103
750, 0.000101
800, 0.000144
850, 0.000164
900, 0.000129
950, 0.000200
1000, 0.000170
