Number of elements, Time taken (seconds)
100, 0.000035
150, 0.000081
200, 0.000147
250, 0.000203
300, 0.000254
350, 0.000364
400, 0.000439
450, 0.000607
500, 0.000729
550, 0.000811
600, 0.000936
650, 0.001325
700, 0.001403
750, 0.001462
800, 0.001685
850, 0.001937
900, 0.003019
950, 0.002630
1000, 0.002835
